instruments,lastTransactionID
"{'name': 'USD_SAR', 'type': 'CURRENCY', 'displayName': 'USD/SAR', 'pipLocation': -4, 'displayPrecision': 5, 'tradeUnitsPrecision': 0, 'minimumTradeSize': '1', 'maximumTrailingStopDistance': '1.00000', 'minimumTrailingStopDistance': '0.00050', 'maximumPositionSize': '0', 'maximumOrderUnits': '100000000', 'marginRate': '0.05', 'guaranteedStopLossOrderMode': 'DISABLED', 'tags': [{'type': 'ASSET_CLASS', 'name': 'CURRENCY'}], 'financing': {'longRate': '-0.1343', 'shortRate': '-0.1149', 'financingDaysOfWeek': [{'dayOfWeek': 'MONDAY', 'daysCharged': 1}, {'dayOfWeek': 'TUESDAY', 'daysCharged': 1}, {'dayOfWeek': 'WEDNESDAY', 'daysCharged': 1}, {'dayOfWeek': 'THURSDAY', 'daysCharged': 1}, {'dayOfWeek': 'FRIDAY', 'daysCharged': 1}, {'dayOfWeek': 'SATURDAY', 'daysCharged': 0}, {'dayOfWeek': 'SUNDAY', 'daysCharged': 0}]}}",3254
"{'name': 'GBP_CAD', 'type': 'CURRENCY', 'displayName': 'GBP/CAD', 'pipLocation': -4, 'displayPrecision': 5, 'tradeUnitsPrecision': 0, 'minimumTradeSize': '1', 'maximumTrailingStopDistance': '1.00000', 'minimumTrailingStopDistance': '0.00050', 'maximumPositionSize': '0', 'maximumOrderUnits': '100000000', 'marginRate': '0.05', 'guaranteedStopLossOrderMode': 'DISABLED', 'tags': [{'type': 'ASSET_CLASS', 'name': 'CURRENCY'}], 'financing': {'longRate': '-0.0104', 'shortRate': '-0.0123', 'financingDaysOfWeek': [{'dayOfWeek': 'MONDAY', 'daysCharged': 1}, {'dayOfWeek': 'TUESDAY', 'daysCharged': 1}, {'dayOfWeek': 'WEDNESDAY', 'daysCharged': 1}, {'dayOfWeek': 'THURSDAY', 'daysCharged': 1}, {'dayOfWeek': 'FRIDAY', 'daysCharged': 1}, {'dayOfWeek': 'SATURDAY', 'daysCharged': 0}, {'dayOfWeek': 'SUNDAY', 'daysCharged': 0}]}}",3254
"{'name': 'EUR_USD', 'type': 'CURRENCY', 'displayName': 'EUR/USD', 'pipLocation': -4, 'displayPrecision': 5, 'tradeUnitsPrecision': 0, 'minimumTradeSize': '1', 'maximumTrailingStopDistance': '1.00000', 'minimumTrailingStopDistance': '0.00050', 'maximumPositionSize': '0', 'maximumOrderUnits': '100000000', 'marginRate': '0.02', 'guaranteedStopLossOrderMode': 'DISABLED', 'tags': [{'type': 'ASSET_CLASS', 'name': 'CURRENCY'}], 'financing': {'longRate': '-0.0187', 'shortRate': '-0.003', 'financingDaysOfWeek': [{'dayOfWeek': 'MONDAY', 'daysCharged': 1}, {'dayOfWeek': 'TUESDAY', 'daysCharged': 1}, {'dayOfWeek': 'WEDNESDAY', 'daysCharged': 1}, {'dayOfWeek': 'THURSDAY', 'daysCharged': 1}, {'dayOfWeek': 'FRIDAY', 'daysCharged': 1}, {'dayOfWeek': 'SATURDAY', 'daysCharged': 0}, {'dayOfWeek': 'SUNDAY', 'daysCharged': 0}]}}",3254
"{'name': 'EUR_CZK', 'type': 'CURRENCY', 'displayName': 'EUR/CZK', 'pipLocation': -4, 'displayPrecision': 5, 'tradeUnitsPrecision': 0, 'minimumTradeSize': '1', 'maximumTrailingStopDistance': '1.00000', 'minimumTrailingStopDistance': '0.00050', 'maximumPositionSize': '0', 'maximumOrderUnits': '100000000', 'marginRate': '0.05', 'guaranteedStopLossOrderMode': 'DISABLED', 'tags': [{'type': 'ASSET_CLASS', 'name': 'CURRENCY'}], 'financing': {'longRate': '-0.0373', 'shortRate': '-0.0162', 'financingDaysOfWeek': [{'dayOfWeek': 'MONDAY', 'daysCharged': 1}, {'dayOfWeek': 'TUESDAY', 'daysCharged': 1}, {'dayOfWeek': 'WEDNESDAY', 'daysCharged': 1}, {'dayOfWeek': 'THURSDAY', 'daysCharged': 1}, {'dayOfWeek': 'FRIDAY', 'daysCharged': 1}, {'dayOfWeek': 'SATURDAY', 'daysCharged': 0}, {'dayOfWeek': 'SUNDAY', 'daysCharged': 0}]}}",3254
"{'name': 'EUR_JPY', 'type': 'CURRENCY', 'displayName': 'EUR/JPY', 'pipLocation': -2, 'displayPrecision': 3, 'tradeUnitsPrecision': 0, 'minimumTradeSize': '1', 'maximumTrailingStopDistance': '100.000', 'minimumTrailingStopDistance': '0.050', 'maximumPositionSize': '0', 'maximumOrderUnits': '100000000', 'marginRate': '0.04', 'guaranteedStopLossOrderMode': 'DISABLED', 'tags': [{'type': 'ASSET_CLASS', 'name': 'CURRENCY'}], 'financing': {'longRate': '-0.0121', 'shortRate': '-0.01', 'financingDaysOfWeek': [{'dayOfWeek': 'MONDAY', 'daysCharged': 1}, {'dayOfWeek': 'TUESDAY', 'daysCharged': 1}, {'dayOfWeek': 'WEDNESDAY', 'daysCharged': 1}, {'dayOfWeek': 'THURSDAY', 'daysCharged': 1}, {'dayOfWeek': 'FRIDAY', 'daysCharged': 1}, {'dayOfWeek': 'SATURDAY', 'daysCharged': 0}, {'dayOfWeek': 'SUNDAY', 'daysCharged': 0}]}}",3254
"{'name': 'NZD_CAD', 'type': 'CURRENCY', 'displayName': 'NZD/CAD', 'pipLocation': -4, 'displayPrecision': 5, 'tradeUnitsPrecision': 0, 'minimumTradeSize': '1', 'maximumTrailingStopDistance': '1.00000', 'minimumTrailingStopDistance': '0.00050', 'maximumPositionSize': '0', 'maximumOrderUnits': '100000000', 'marginRate': '0.03', 'guaranteedStopLossOrderMode': 'DISABLED', 'tags': [{'type': 'ASSET_CLASS', 'name': 'CURRENCY'}], 'financing': {'longRate': '-0.0074', 'shortRate': '-0.0173', 'financingDaysOfWeek': [{'dayOfWeek': 'MONDAY', 'daysCharged': 1}, {'dayOfWeek': 'TUESDAY', 'daysCharged': 1}, {'dayOfWeek': 'WEDNESDAY', 'daysCharged': 1}, {'dayOfWeek': 'THURSDAY', 'daysCharged': 1}, {'dayOfWeek': 'FRIDAY', 'daysCharged': 1}, {'dayOfWeek': 'SATURDAY', 'daysCharged': 0}, {'dayOfWeek': 'SUNDAY', 'daysCharged': 0}]}}",3254
"{'name': 'GBP_USD', 'type': 'CURRENCY', 'displayName': 'GBP/USD', 'pipLocation': -4, 'displayPrecision': 5, 'tradeUnitsPrecision': 0, 'minimumTradeSize': '1', 'maximumTrailingStopDistance': '1.00000', 'minimumTrailingStopDistance': '0.00050', 'maximumPositionSize': '0', 'maximumOrderUnits': '50000000', 'marginRate': '0.05', 'guaranteedStopLossOrderMode': 'DISABLED', 'tags': [{'type': 'ASSET_CLASS', 'name': 'CURRENCY'}], 'financing': {'longRate': '-0.0115', 'shortRate': '-0.0094', 'financingDaysOfWeek': [{'dayOfWeek': 'MONDAY', 'daysCharged': 1}, {'dayOfWeek': 'TUESDAY', 'daysCharged': 1}, {'dayOfWeek': 'WEDNESDAY', 'daysCharged': 1}, {'dayOfWeek': 'THURSDAY', 'daysCharged': 1}, {'dayOfWeek': 'FRIDAY', 'daysCharged': 1}, {'dayOfWeek': 'SATURDAY', 'daysCharged': 0}, {'dayOfWeek': 'SUNDAY', 'daysCharged': 0}]}}",3254
"{'name': 'USD_MXN', 'type': 'CURRENCY', 'displayName': 'USD/MXN', 'pipLocation': -4, 'displayPrecision': 5, 'tradeUnitsPrecision': 0, 'minimumTradeSize': '1', 'maximumTrailingStopDistance': '1.00000', 'minimumTrailingStopDistance': '0.00050', 'maximumPositionSize': '0', 'maximumOrderUnits': '100000000', 'marginRate': '0.10', 'guaranteedStopLossOrderMode': 'DISABLED', 'tags': [{'type': 'ASSET_CLASS', 'name': 'CURRENCY'}], 'financing': {'longRate': '-0.0846', 'shortRate': '0.0362', 'financingDaysOfWeek': [{'dayOfWeek': 'MONDAY', 'daysCharged': 1}, {'dayOfWeek': 'TUESDAY', 'daysCharged': 1}, {'dayOfWeek': 'WEDNESDAY', 'daysCharged': 1}, {'dayOfWeek': 'THURSDAY', 'daysCharged': 1}, {'dayOfWeek': 'FRIDAY', 'daysCharged': 1}, {'dayOfWeek': 'SATURDAY', 'daysCharged': 0}, {'dayOfWeek': 'SUNDAY', 'daysCharged': 0}]}}",3254
"{'name': 'AUD_USD', 'type': 'CURRENCY', 'displayName': 'AUD/USD', 'pipLocation': -4, 'displayPrecision': 5, 'tradeUnitsPrecision': 0, 'minimumTradeSize': '1', 'maximumTrailingStopDistance': '1.00000', 'minimumTrailingStopDistance': '0.00050', 'maximumPositionSize': '0', 'maximumOrderUnits': '100000000', 'marginRate': '0.03', 'guaranteedStopLossOrderMode': 'DISABLED', 'tags': [{'type': 'ASSET_CLASS', 'name': 'CURRENCY'}], 'financing': {'longRate': '-0.0117', 'shortRate': '-0.0111', 'financingDaysOfWeek': [{'dayOfWeek': 'MONDAY', 'daysCharged': 1}, {'dayOfWeek': 'TUESDAY', 'daysCharged': 1}, {'dayOfWeek': 'WEDNESDAY', 'daysCharged': 1}, {'dayOfWeek': 'THURSDAY', 'daysCharged': 1}, {'dayOfWeek': 'FRIDAY', 'daysCharged': 1}, {'dayOfWeek': 'SATURDAY', 'daysCharged': 0}, {'dayOfWeek': 'SUNDAY', 'daysCharged': 0}]}}",3254
"{'name': 'EUR_SGD', 'type': 'CURRENCY', 'displayName': 'EUR/SGD', 'pipLocation': -4, 'displayPrecision': 5, 'tradeUnitsPrecision': 0, 'minimumTradeSize': '1', 'maximumTrailingStopDistance': '1.00000', 'minimumTrailingStopDistance': '0.00050', 'maximumPositionSize': '0', 'maximumOrderUnits': '100000000', 'marginRate': '0.05', 'guaranteedStopLossOrderMode': 'DISABLED', 'tags': [{'type': 'ASSET_CLASS', 'name': 'CURRENCY'}], 'financing': {'longRate': '-0.0456', 'shortRate': '-0.0279', 'financingDaysOfWeek': [{'dayOfWeek': 'MONDAY', 'daysCharged': 1}, {'dayOfWeek': 'TUESDAY', 'daysCharged': 1}, {'dayOfWeek': 'WEDNESDAY', 'daysCharged': 1}, {'dayOfWeek': 'THURSDAY', 'daysCharged': 1}, {'dayOfWeek': 'FRIDAY', 'daysCharged': 1}, {'dayOfWeek': 'SATURDAY', 'daysCharged': 0}, {'dayOfWeek': 'SUNDAY', 'daysCharged': 0}]}}",3254
"{'name': 'NZD_JPY', 'type': 'CURRENCY', 'displayName': 'NZD/JPY', 'pipLocation': -2, 'displayPrecision': 3, 'tradeUnitsPrecision': 0, 'minimumTradeSize': '1', 'maximumTrailingStopDistance': '100.000', 'minimumTrailingStopDistance': '0.050', 'maximumPositionSize': '0', 'maximumOrderUnits': '100000000', 'marginRate': '0.04', 'guaranteedStopLossOrderMode': 'DISABLED', 'tags': [{'type': 'ASSET_CLASS', 'name': 'CURRENCY'}], 'financing': {'longRate': '-0.0022', 'shortRate': '-0.0217', 'financingDaysOfWeek': [{'dayOfWeek': 'MONDAY', 'daysCharged': 1}, {'dayOfWeek': 'TUESDAY', 'daysCharged': 1}, {'dayOfWeek': 'WEDNESDAY', 'daysCharged': 1}, {'dayOfWeek': 'THURSDAY', 'daysCharged': 1}, {'dayOfWeek': 'FRIDAY', 'daysCharged': 1}, {'dayOfWeek': 'SATURDAY', 'daysCharged': 0}, {'dayOfWeek': 'SUNDAY', 'daysCharged': 0}]}}",3254
"{'name': 'CAD_CHF', 'type': 'CURRENCY', 'displayName': 'CAD/CHF', 'pipLocation': -4, 'displayPrecision': 5, 'tradeUnitsPrecision': 0, 'minimumTradeSize': '1', 'maximumTrailingStopDistance': '1.00000', 'minimumTrailingStopDistance': '0.00050', 'maximumPositionSize': '0', 'maximumOrderUnits': '100000000', 'marginRate': '0.03', 'guaranteedStopLossOrderMode': 'DISABLED', 'tags': [{'type': 'ASSET_CLASS', 'name': 'CURRENCY'}], 'financing': {'longRate': '-0.0047', 'shortRate': '-0.02', 'financingDaysOfWeek': [{'dayOfWeek': 'MONDAY', 'daysCharged': 1}, {'dayOfWeek': 'TUESDAY', 'daysCharged': 1}, {'dayOfWeek': 'WEDNESDAY', 'daysCharged': 1}, {'dayOfWeek': 'THURSDAY', 'daysCharged': 1}, {'dayOfWeek': 'FRIDAY', 'daysCharged': 1}, {'dayOfWeek': 'SATURDAY', 'daysCharged': 0}, {'dayOfWeek': 'SUNDAY', 'daysCharged': 0}]}}",3254
"{'name': 'CAD_JPY', 'type': 'CURRENCY', 'displayName': 'CAD/JPY', 'pipLocation': -2, 'displayPrecision': 3, 'tradeUnitsPrecision': 0, 'minimumTradeSize': '1', 'maximumTrailingStopDistance': '100.000', 'minimumTrailingStopDistance': '0.050', 'maximumPositionSize': '0', 'maximumOrderUnits': '100000000', 'marginRate': '0.04', 'guaranteedStopLossOrderMode': 'DISABLED', 'tags': [{'type': 'ASSET_CLASS', 'name': 'CURRENCY'}], 'financing': {'longRate': '-0.0076', 'shortRate': '-0.0156', 'financingDaysOfWeek': [{'dayOfWeek': 'MONDAY', 'daysCharged': 1}, {'dayOfWeek': 'TUESDAY', 'daysCharged': 1}, {'dayOfWeek': 'WEDNESDAY', 'daysCharged': 1}, {'dayOfWeek': 'THURSDAY', 'daysCharged': 1}, {'dayOfWeek': 'FRIDAY', 'daysCharged': 1}, {'dayOfWeek': 'SATURDAY', 'daysCharged': 0}, {'dayOfWeek': 'SUNDAY', 'daysCharged': 0}]}}",3254
"{'name': 'CHF_JPY', 'type': 'CURRENCY', 'displayName': 'CHF/JPY', 'pipLocation': -2, 'displayPrecision': 3, 'tradeUnitsPrecision': 0, 'minimumTradeSize': '1', 'maximumTrailingStopDistance': '100.000', 'minimumTrailingStopDistance': '0.050', 'maximumPositionSize': '0', 'maximumOrderUnits': '100000000', 'marginRate': '0.04', 'guaranteedStopLossOrderMode': 'DISABLED', 'tags': [{'type': 'ASSET_CLASS', 'name': 'CURRENCY'}], 'financing': {'longRate': '-0.0156', 'shortRate': '-0.0087', 'financingDaysOfWeek': [{'dayOfWeek': 'MONDAY', 'daysCharged': 1}, {'dayOfWeek': 'TUESDAY', 'daysCharged': 1}, {'dayOfWeek': 'WEDNESDAY', 'daysCharged': 1}, {'dayOfWeek': 'THURSDAY', 'daysCharged': 1}, {'dayOfWeek': 'FRIDAY', 'daysCharged': 1}, {'dayOfWeek': 'SATURDAY', 'daysCharged': 0}, {'dayOfWeek': 'SUNDAY', 'daysCharged': 0}]}}",3254
"{'name': 'HKD_JPY', 'type': 'CURRENCY', 'displayName': 'HKD/JPY', 'pipLocation': -4, 'displayPrecision': 5, 'tradeUnitsPrecision': 0, 'minimumTradeSize': '1', 'maximumTrailingStopDistance': '1.00000', 'minimumTrailingStopDistance': '0.00050', 'maximumPositionSize': '0', 'maximumOrderUnits': '100000000', 'marginRate': '0.1', 'guaranteedStopLossOrderMode': 'DISABLED', 'tags': [{'type': 'ASSET_CLASS', 'name': 'CURRENCY'}], 'financing': {'longRate': '0.00050', 'shortRate': '-0.0442', 'financingDaysOfWeek': [{'dayOfWeek': 'MONDAY', 'daysCharged': 1}, {'dayOfWeek': 'TUESDAY', 'daysCharged': 1}, {'dayOfWeek': 'WEDNESDAY', 'daysCharged': 1}, {'dayOfWeek': 'THURSDAY', 'daysCharged': 1}, {'dayOfWeek': 'FRIDAY', 'daysCharged': 1}, {'dayOfWeek': 'SATURDAY', 'daysCharged': 0}, {'dayOfWeek': 'SUNDAY', 'daysCharged': 0}]}}",3254
"{'name': 'USD_DKK', 'type': 'CURRENCY', 'displayName': 'USD/DKK', 'pipLocation': -4, 'displayPrecision': 5, 'tradeUnitsPrecision': 0, 'minimumTradeSize': '1', 'maximumTrailingStopDistance': '1.00000', 'minimumTrailingStopDistance': '0.00050', 'maximumPositionSize': '0', 'maximumOrderUnits': '100000000', 'marginRate': '0.02', 'guaranteedStopLossOrderMode': 'DISABLED', 'tags': [{'type': 'ASSET_CLASS', 'name': 'CURRENCY'}], 'financing': {'longRate': '-0.0042', 'shortRate': '-0.0206', 'financingDaysOfWeek': [{'dayOfWeek': 'MONDAY', 'daysCharged': 1}, {'dayOfWeek': 'TUESDAY', 'daysCharged': 1}, {'dayOfWeek': 'WEDNESDAY', 'daysCharged': 1}, {'dayOfWeek': 'THURSDAY', 'daysCharged': 1}, {'dayOfWeek': 'FRIDAY', 'daysCharged': 1}, {'dayOfWeek': 'SATURDAY', 'daysCharged': 0}, {'dayOfWeek': 'SUNDAY', 'daysCharged': 0}]}}",3254
"{'name': 'NZD_USD', 'type': 'CURRENCY', 'displayName': 'NZD/USD', 'pipLocation': -4, 'displayPrecision': 5, 'tradeUnitsPrecision': 0, 'minimumTradeSize': '1', 'maximumTrailingStopDistance': '1.00000', 'minimumTrailingStopDistance': '0.00050', 'maximumPositionSize': '0', 'maximumOrderUnits': '100000000', 'marginRate': '0.03', 'guaranteedStopLossOrderMode': 'DISABLED', 'tags': [{'type': 'ASSET_CLASS', 'name': 'CURRENCY'}], 'financing': {'longRate': '-0.0088', 'shortRate': '-0.0154', 'financingDaysOfWeek': [{'dayOfWeek': 'MONDAY', 'daysCharged': 1}, {'dayOfWeek': 'TUESDAY', 'daysCharged': 1}, {'dayOfWeek': 'WEDNESDAY', 'daysCharged': 1}, {'dayOfWeek': 'THURSDAY', 'daysCharged': 1}, {'dayOfWeek': 'FRIDAY', 'daysCharged': 1}, {'dayOfWeek': 'SATURDAY', 'daysCharged': 0}, {'dayOfWeek': 'SUNDAY', 'daysCharged': 0}]}}",3254
"{'name': 'USD_THB', 'type': 'CURRENCY', 'displayName': 'USD/THB', 'pipLocation': -2, 'displayPrecision': 3, 'tradeUnitsPrecision': 0, 'minimumTradeSize': '1', 'maximumTrailingStopDistance': '100.000', 'minimumTrailingStopDistance': '0.050', 'maximumPositionSize': '0', 'maximumOrderUnits': '100000000', 'marginRate': '0.05', 'guaranteedStopLossOrderMode': 'DISABLED', 'tags': [{'type': 'ASSET_CLASS', 'name': 'CURRENCY'}], 'financing': {'longRate': '-0.1126', 'shortRate': '-0.0613', 'financingDaysOfWeek': [{'dayOfWeek': 'MONDAY', 'daysCharged': 1}, {'dayOfWeek': 'TUESDAY', 'daysCharged': 1}, {'dayOfWeek': 'WEDNESDAY', 'daysCharged': 1}, {'dayOfWeek': 'THURSDAY', 'daysCharged': 1}, {'dayOfWeek': 'FRIDAY', 'daysCharged': 1}, {'dayOfWeek': 'SATURDAY', 'daysCharged': 0}, {'dayOfWeek': 'SUNDAY', 'daysCharged': 0}]}}",3254
"{'name': 'GBP_CHF', 'type': 'CURRENCY', 'displayName': 'GBP/CHF', 'pipLocation': -4, 'displayPrecision': 5, 'tradeUnitsPrecision': 0, 'minimumTradeSize': '1', 'maximumTrailingStopDistance': '1.00000', 'minimumTrailingStopDistance': '0.00050', 'maximumPositionSize': '0', 'maximumOrderUnits': '100000000', 'marginRate': '0.05', 'guaranteedStopLossOrderMode': 'DISABLED', 'tags': [{'type': 'ASSET_CLASS', 'name': 'CURRENCY'}], 'financing': {'longRate': '-0.0031', 'shortRate': '-0.0202', 'financingDaysOfWeek': [{'dayOfWeek': 'MONDAY', 'daysCharged': 1}, {'dayOfWeek': 'TUESDAY', 'daysCharged': 1}, {'dayOfWeek': 'WEDNESDAY', 'daysCharged': 1}, {'dayOfWeek': 'THURSDAY', 'daysCharged': 1}, {'dayOfWeek': 'FRIDAY', 'daysCharged': 1}, {'dayOfWeek': 'SATURDAY', 'daysCharged': 0}, {'dayOfWeek': 'SUNDAY', 'daysCharged': 0}]}}",3254
"{'name': 'TRY_JPY', 'type': 'CURRENCY', 'displayName': 'TRY/JPY', 'pipLocation': -2, 'displayPrecision': 3, 'tradeUnitsPrecision': 0, 'minimumTradeSize': '1', 'maximumTrailingStopDistance': '100.000', 'minimumTrailingStopDistance': '0.050', 'maximumPositionSize': '0', 'maximumOrderUnits': '100000000', 'marginRate': '0.12', 'guaranteedStopLossOrderMode': 'DISABLED', 'tags': [{'type': 'ASSET_CLASS', 'name': 'CURRENCY'}], 'financing': {'longRate': '-0.0655', 'shortRate': '-0.1277', 'financingDaysOfWeek': [{'dayOfWeek': 'MONDAY', 'daysCharged': 1}, {'dayOfWeek': 'TUESDAY', 'daysCharged': 1}, {'dayOfWeek': 'WEDNESDAY', 'daysCharged': 1}, {'dayOfWeek': 'THURSDAY', 'daysCharged': 1}, {'dayOfWeek': 'FRIDAY', 'daysCharged': 1}, {'dayOfWeek': 'SATURDAY', 'daysCharged': 0}, {'dayOfWeek': 'SUNDAY', 'daysCharged': 0}]}}",3254
"{'name': 'GBP_ZAR', 'type': 'CURRENCY', 'displayName': 'GBP/ZAR', 'pipLocation': -4, 'displayPrecision': 5, 'tradeUnitsPrecision': 0, 'minimumTradeSize': '1', 'maximumTrailingStopDistance': '1.00000', 'minimumTrailingStopDistance': '0.00050', 'maximumPositionSize': '0', 'maximumOrderUnits': '100000000', 'marginRate': '0.07', 'guaranteedStopLossOrderMode': 'DISABLED', 'tags': [{'type': 'ASSET_CLASS', 'name': 'CURRENCY'}], 'financing': {'longRate': '-0.0736', 'shortRate': '0.0219', 'financingDaysOfWeek': [{'dayOfWeek': 'MONDAY', 'daysCharged': 1}, {'dayOfWeek': 'TUESDAY', 'daysCharged': 1}, {'dayOfWeek': 'WEDNESDAY', 'daysCharged': 1}, {'dayOfWeek': 'THURSDAY', 'daysCharged': 1}, {'dayOfWeek': 'FRIDAY', 'daysCharged': 1}, {'dayOfWeek': 'SATURDAY', 'daysCharged': 0}, {'dayOfWeek': 'SUNDAY', 'daysCharged': 0}]}}",3254
"{'name': 'CHF_HKD', 'type': 'CURRENCY', 'displayName': 'CHF/HKD', 'pipLocation': -4, 'displayPrecision': 5, 'tradeUnitsPrecision': 0, 'minimumTradeSize': '1', 'maximumTrailingStopDistance': '1.00000', 'minimumTrailingStopDistance': '0.00050', 'maximumPositionSize': '0', 'maximumOrderUnits': '100000000', 'marginRate': '0.1', 'guaranteedStopLossOrderMode': 'DISABLED', 'tags': [{'type': 'ASSET_CLASS', 'name': 'CURRENCY'}], 'financing': {'longRate': '-0.0476', 'shortRate': '0.0021', 'financingDaysOfWeek': [{'dayOfWeek': 'MONDAY', 'daysCharged': 1}, {'dayOfWeek': 'TUESDAY', 'daysCharged': 1}, {'dayOfWeek': 'WEDNESDAY', 'daysCharged': 1}, {'dayOfWeek': 'THURSDAY', 'daysCharged': 1}, {'dayOfWeek': 'FRIDAY', 'daysCharged': 1}, {'dayOfWeek': 'SATURDAY', 'daysCharged': 0}, {'dayOfWeek': 'SUNDAY', 'daysCharged': 0}]}}",3254
"{'name': 'EUR_CAD', 'type': 'CURRENCY', 'displayName': 'EUR/CAD', 'pipLocation': -4, 'displayPrecision': 5, 'tradeUnitsPrecision': 0, 'minimumTradeSize': '1', 'maximumTrailingStopDistance': '1.00000', 'minimumTrailingStopDistance': '0.00050', 'maximumPositionSize': '0', 'maximumOrderUnits': '100000000', 'marginRate': '0.02', 'guaranteedStopLossOrderMode': 'DISABLED', 'tags': [{'type': 'ASSET_CLASS', 'name': 'CURRENCY'}], 'financing': {'longRate': '-0.017', 'shortRate': '-0.0062', 'financingDaysOfWeek': [{'dayOfWeek': 'MONDAY', 'daysCharged': 1}, {'dayOfWeek': 'TUESDAY', 'daysCharged': 1}, {'dayOfWeek': 'WEDNESDAY', 'daysCharged': 1}, {'dayOfWeek': 'THURSDAY', 'daysCharged': 1}, {'dayOfWeek': 'FRIDAY', 'daysCharged': 1}, {'dayOfWeek': 'SATURDAY', 'daysCharged': 0}, {'dayOfWeek': 'SUNDAY', 'daysCharged': 0}]}}",3254
"{'name': 'USD_TRY', 'type': 'CURRENCY', 'displayName': 'USD/TRY', 'pipLocation': -4, 'displayPrecision': 5, 'tradeUnitsPrecision': 0, 'minimumTradeSize': '1', 'maximumTrailingStopDistance': '1.00000', 'minimumTrailingStopDistance': '0.00050', 'maximumPositionSize': '0', 'maximumOrderUnits': '10000000', 'marginRate': '0.12', 'guaranteedStopLossOrderMode': 'DISABLED', 'tags': [{'type': 'ASSET_CLASS', 'name': 'CURRENCY'}], 'financing': {'longRate': '-0.1012', 'shortRate': '-0.0904', 'financingDaysOfWeek': [{'dayOfWeek': 'MONDAY', 'daysCharged': 1}, {'dayOfWeek': 'TUESDAY', 'daysCharged': 1}, {'dayOfWeek': 'WEDNESDAY', 'daysCharged': 1}, {'dayOfWeek': 'THURSDAY', 'daysCharged': 1}, {'dayOfWeek': 'FRIDAY', 'daysCharged': 1}, {'dayOfWeek': 'SATURDAY', 'daysCharged': 0}, {'dayOfWeek': 'SUNDAY', 'daysCharged': 0}]}}",3254
"{'name': 'GBP_JPY', 'type': 'CURRENCY', 'displayName': 'GBP/JPY', 'pipLocation': -2, 'displayPrecision': 3, 'tradeUnitsPrecision': 0, 'minimumTradeSize': '1', 'maximumTrailingStopDistance': '100.000', 'minimumTrailingStopDistance': '0.050', 'maximumPositionSize': '0', 'maximumOrderUnits': '50000000', 'marginRate': '0.05', 'guaranteedStopLossOrderMode': 'DISABLED', 'tags': [{'type': 'ASSET_CLASS', 'name': 'CURRENCY'}], 'financing': {'longRate': '-0.0056', 'shortRate': '-0.0162', 'financingDaysOfWeek': [{'dayOfWeek': 'MONDAY', 'daysCharged': 1}, {'dayOfWeek': 'TUESDAY', 'daysCharged': 1}, {'dayOfWeek': 'WEDNESDAY', 'daysCharged': 1}, {'dayOfWeek': 'THURSDAY', 'daysCharged': 1}, {'dayOfWeek': 'FRIDAY', 'daysCharged': 1}, {'dayOfWeek': 'SATURDAY', 'daysCharged': 0}, {'dayOfWeek': 'SUNDAY', 'daysCharged': 0}]}}",3254
"{'name': 'USD_HKD', 'type': 'CURRENCY', 'displayName': 'USD/HKD', 'pipLocation': -4, 'displayPrecision': 5, 'tradeUnitsPrecision': 0, 'minimumTradeSize': '1', 'maximumTrailingStopDistance': '1.00000', 'minimumTrailingStopDistance': '0.00050', 'maximumPositionSize': '0', 'maximumOrderUnits': '100000000', 'marginRate': '0.1', 'guaranteedStopLossOrderMode': 'DISABLED', 'tags': [{'type': 'ASSET_CLASS', 'name': 'CURRENCY'}], 'financing': {'longRate': '-0.0319', 'shortRate': '-0.0022', 'financingDaysOfWeek': [{'dayOfWeek': 'MONDAY', 'daysCharged': 1}, {'dayOfWeek': 'TUESDAY', 'daysCharged': 1}, {'dayOfWeek': 'WEDNESDAY', 'daysCharged': 1}, {'dayOfWeek': 'THURSDAY', 'daysCharged': 1}, {'dayOfWeek': 'FRIDAY', 'daysCharged': 1}, {'dayOfWeek': 'SATURDAY', 'daysCharged': 0}, {'dayOfWeek': 'SUNDAY', 'daysCharged': 0}]}}",3254
"{'name': 'USD_CHF', 'type': 'CURRENCY', 'displayName': 'USD/CHF', 'pipLocation': -4, 'displayPrecision': 5, 'tradeUnitsPrecision': 0, 'minimumTradeSize': '1', 'maximumTrailingStopDistance': '1.00000', 'minimumTrailingStopDistance': '0.00050', 'maximumPositionSize': '0', 'maximumOrderUnits': '100000000', 'marginRate': '0.03', 'guaranteedStopLossOrderMode': 'DISABLED', 'tags': [{'type': 'ASSET_CLASS', 'name': 'CURRENCY'}], 'financing': {'longRate': '-0.0017', 'shortRate': '-0.0214', 'financingDaysOfWeek': [{'dayOfWeek': 'MONDAY', 'daysCharged': 1}, {'dayOfWeek': 'TUESDAY', 'daysCharged': 1}, {'dayOfWeek': 'WEDNESDAY', 'daysCharged': 1}, {'dayOfWeek': 'THURSDAY', 'daysCharged': 1}, {'dayOfWeek': 'FRIDAY', 'daysCharged': 1}, {'dayOfWeek': 'SATURDAY', 'daysCharged': 0}, {'dayOfWeek': 'SUNDAY', 'daysCharged': 0}]}}",3254
"{'name': 'EUR_PLN', 'type': 'CURRENCY', 'displayName': 'EUR/PLN', 'pipLocation': -4, 'displayPrecision': 5, 'tradeUnitsPrecision': 0, 'minimumTradeSize': '1', 'maximumTrailingStopDistance': '1.00000', 'minimumTrailingStopDistance': '0.00050', 'maximumPositionSize': '0', 'maximumOrderUnits': '100000000', 'marginRate': '0.05', 'guaranteedStopLossOrderMode': 'DISABLED', 'tags': [{'type': 'ASSET_CLASS', 'name': 'CURRENCY'}], 'financing': {'longRate': '-0.0269', 'shortRate': '0.0022', 'financingDaysOfWeek': [{'dayOfWeek': 'MONDAY', 'daysCharged': 1}, {'dayOfWeek': 'TUESDAY', 'daysCharged': 1}, {'dayOfWeek': 'WEDNESDAY', 'daysCharged': 1}, {'dayOfWeek': 'THURSDAY', 'daysCharged': 1}, {'dayOfWeek': 'FRIDAY', 'daysCharged': 1}, {'dayOfWeek': 'SATURDAY', 'daysCharged': 0}, {'dayOfWeek': 'SUNDAY', 'daysCharged': 0}]}}",3254
"{'name': 'NZD_HKD', 'type': 'CURRENCY', 'displayName': 'NZD/HKD', 'pipLocation': -4, 'displayPrecision': 5, 'tradeUnitsPrecision': 0, 'minimumTradeSize': '1', 'maximumTrailingStopDistance': '1.00000', 'minimumTrailingStopDistance': '0.00050', 'maximumPositionSize': '0', 'maximumOrderUnits': '100000000', 'marginRate': '0.1', 'guaranteedStopLossOrderMode': 'DISABLED', 'tags': [{'type': 'ASSET_CLASS', 'name': 'CURRENCY'}], 'financing': {'longRate': '-0.0352', 'shortRate': '-0.0115', 'financingDaysOfWeek': [{'dayOfWeek': 'MONDAY', 'daysCharged': 1}, {'dayOfWeek': 'TUESDAY', 'daysCharged': 1}, {'dayOfWeek': 'WEDNESDAY', 'daysCharged': 1}, {'dayOfWeek': 'THURSDAY', 'daysCharged': 1}, {'dayOfWeek': 'FRIDAY', 'daysCharged': 1}, {'dayOfWeek': 'SATURDAY', 'daysCharged': 0}, {'dayOfWeek': 'SUNDAY', 'daysCharged': 0}]}}",3254
"{'name': 'NZD_CHF', 'type': 'CURRENCY', 'displayName': 'NZD/CHF', 'pipLocation': -4, 'displayPrecision': 5, 'tradeUnitsPrecision': 0, 'minimumTradeSize': '1', 'maximumTrailingStopDistance': '1.00000', 'minimumTrailingStopDistance': '0.00050', 'maximumPositionSize': '0', 'maximumOrderUnits': '100000000', 'marginRate': '0.03', 'guaranteedStopLossOrderMode': 'DISABLED', 'tags': [{'type': 'ASSET_CLASS', 'name': 'CURRENCY'}], 'financing': {'longRate': '-0.00010', 'shortRate': '-0.0255', 'financingDaysOfWeek': [{'dayOfWeek': 'MONDAY', 'daysCharged': 1}, {'dayOfWeek': 'TUESDAY', 'daysCharged': 1}, {'dayOfWeek': 'WEDNESDAY', 'daysCharged': 1}, {'dayOfWeek': 'THURSDAY', 'daysCharged': 1}, {'dayOfWeek': 'FRIDAY', 'daysCharged': 1}, {'dayOfWeek': 'SATURDAY', 'daysCharged': 0}, {'dayOfWeek': 'SUNDAY', 'daysCharged': 0}]}}",3254
"{'name': 'GBP_NZD', 'type': 'CURRENCY', 'displayName': 'GBP/NZD', 'pipLocation': -4, 'displayPrecision': 5, 'tradeUnitsPrecision': 0, 'minimumTradeSize': '1', 'maximumTrailingStopDistance': '1.00000', 'minimumTrailingStopDistance': '0.00050', 'maximumPositionSize': '0', 'maximumOrderUnits': '100000000', 'marginRate': '0.05', 'guaranteedStopLossOrderMode': 'DISABLED', 'tags': [{'type': 'ASSET_CLASS', 'name': 'CURRENCY'}], 'financing': {'longRate': '-0.0159', 'shortRate': '-0.0077', 'financingDaysOfWeek': [{'dayOfWeek': 'MONDAY', 'daysCharged': 1}, {'dayOfWeek': 'TUESDAY', 'daysCharged': 1}, {'dayOfWeek': 'WEDNESDAY', 'daysCharged': 1}, {'dayOfWeek': 'THURSDAY', 'daysCharged': 1}, {'dayOfWeek': 'FRIDAY', 'daysCharged': 1}, {'dayOfWeek': 'SATURDAY', 'daysCharged': 0}, {'dayOfWeek': 'SUNDAY', 'daysCharged': 0}]}}",3254
"{'name': 'GBP_SGD', 'type': 'CURRENCY', 'displayName': 'GBP/SGD', 'pipLocation': -4, 'displayPrecision': 5, 'tradeUnitsPrecision': 0, 'minimumTradeSize': '1', 'maximumTrailingStopDistance': '1.00000', 'minimumTrailingStopDistance': '0.00050', 'maximumPositionSize': '0', 'maximumOrderUnits': '100000000', 'marginRate': '0.05', 'guaranteedStopLossOrderMode': 'DISABLED', 'tags': [{'type': 'ASSET_CLASS', 'name': 'CURRENCY'}], 'financing': {'longRate': '-0.0322', 'shortRate': '-0.027', 'financingDaysOfWeek': [{'dayOfWeek': 'MONDAY', 'daysCharged': 1}, {'dayOfWeek': 'TUESDAY', 'daysCharged': 1}, {'dayOfWeek': 'WEDNESDAY', 'daysCharged': 1}, {'dayOfWeek': 'THURSDAY', 'daysCharged': 1}, {'dayOfWeek': 'FRIDAY', 'daysCharged': 1}, {'dayOfWeek': 'SATURDAY', 'daysCharged': 0}, {'dayOfWeek': 'SUNDAY', 'daysCharged': 0}]}}",3254
"{'name': 'USD_SEK', 'type': 'CURRENCY', 'displayName': 'USD/SEK', 'pipLocation': -4, 'displayPrecision': 5, 'tradeUnitsPrecision': 0, 'minimumTradeSize': '1', 'maximumTrailingStopDistance': '1.00000', 'minimumTrailingStopDistance': '0.00050', 'maximumPositionSize': '0', 'maximumOrderUnits': '100000000', 'marginRate': '0.03', 'guaranteedStopLossOrderMode': 'DISABLED', 'tags': [{'type': 'ASSET_CLASS', 'name': 'CURRENCY'}], 'financing': {'longRate': '-0.0085', 'shortRate': '-0.0166', 'financingDaysOfWeek': [{'dayOfWeek': 'MONDAY', 'daysCharged': 1}, {'dayOfWeek': 'TUESDAY', 'daysCharged': 1}, {'dayOfWeek': 'WEDNESDAY', 'daysCharged': 1}, {'dayOfWeek': 'THURSDAY', 'daysCharged': 1}, {'dayOfWeek': 'FRIDAY', 'daysCharged': 1}, {'dayOfWeek': 'SATURDAY', 'daysCharged': 0}, {'dayOfWeek': 'SUNDAY', 'daysCharged': 0}]}}",3254
"{'name': 'EUR_GBP', 'type': 'CURRENCY', 'displayName': 'EUR/GBP', 'pipLocation': -4, 'displayPrecision': 5, 'tradeUnitsPrecision': 0, 'minimumTradeSize': '1', 'maximumTrailingStopDistance': '1.00000', 'minimumTrailingStopDistance': '0.00050', 'maximumPositionSize': '0', 'maximumOrderUnits': '100000000', 'marginRate': '0.05', 'guaranteedStopLossOrderMode': 'DISABLED', 'tags': [{'type': 'ASSET_CLASS', 'name': 'CURRENCY'}], 'financing': {'longRate': '-0.0175', 'shortRate': '-0.0045', 'financingDaysOfWeek': [{'dayOfWeek': 'MONDAY', 'daysCharged': 1}, {'dayOfWeek': 'TUESDAY', 'daysCharged': 1}, {'dayOfWeek': 'WEDNESDAY', 'daysCharged': 1}, {'dayOfWeek': 'THURSDAY', 'daysCharged': 1}, {'dayOfWeek': 'FRIDAY', 'daysCharged': 1}, {'dayOfWeek': 'SATURDAY', 'daysCharged': 0}, {'dayOfWeek': 'SUNDAY', 'daysCharged': 0}]}}",3254
"{'name': 'EUR_NZD', 'type': 'CURRENCY', 'displayName': 'EUR/NZD', 'pipLocation': -4, 'displayPrecision': 5, 'tradeUnitsPrecision': 0, 'minimumTradeSize': '1', 'maximumTrailingStopDistance': '1.00000', 'minimumTrailingStopDistance': '0.00050', 'maximumPositionSize': '0', 'maximumOrderUnits': '100000000', 'marginRate': '0.03', 'guaranteedStopLossOrderMode': 'DISABLED', 'tags': [{'type': 'ASSET_CLASS', 'name': 'CURRENCY'}], 'financing': {'longRate': '-0.0226', 'shortRate': '-0.0016', 'financingDaysOfWeek': [{'dayOfWeek': 'MONDAY', 'daysCharged': 1}, {'dayOfWeek': 'TUESDAY', 'daysCharged': 1}, {'dayOfWeek': 'WEDNESDAY', 'daysCharged': 1}, {'dayOfWeek': 'THURSDAY', 'daysCharged': 1}, {'dayOfWeek': 'FRIDAY', 'daysCharged': 1}, {'dayOfWeek': 'SATURDAY', 'daysCharged': 0}, {'dayOfWeek': 'SUNDAY', 'daysCharged': 0}]}}",3254
"{'name': 'USD_CNH', 'type': 'CURRENCY', 'displayName': 'USD/CNH', 'pipLocation': -4, 'displayPrecision': 5, 'tradeUnitsPrecision': 0, 'minimumTradeSize': '1', 'maximumTrailingStopDistance': '1.00000', 'minimumTrailingStopDistance': '0.00050', 'maximumPositionSize': '0', 'maximumOrderUnits': '100000000', 'marginRate': '0.05', 'guaranteedStopLossOrderMode': 'DISABLED', 'tags': [{'type': 'ASSET_CLASS', 'name': 'CURRENCY'}], 'financing': {'longRate': '-0.025', 'shortRate': '-0.0074', 'financingDaysOfWeek': [{'dayOfWeek': 'MONDAY', 'daysCharged': 1}, {'dayOfWeek': 'TUESDAY', 'daysCharged': 1}, {'dayOfWeek': 'WEDNESDAY', 'daysCharged': 1}, {'dayOfWeek': 'THURSDAY', 'daysCharged': 1}, {'dayOfWeek': 'FRIDAY', 'daysCharged': 1}, {'dayOfWeek': 'SATURDAY', 'daysCharged': 0}, {'dayOfWeek': 'SUNDAY', 'daysCharged': 0}]}}",3254
"{'name': 'ZAR_JPY', 'type': 'CURRENCY', 'displayName': 'ZAR/JPY', 'pipLocation': -2, 'displayPrecision': 3, 'tradeUnitsPrecision': 0, 'minimumTradeSize': '1', 'maximumTrailingStopDistance': '100.000', 'minimumTrailingStopDistance': '0.005', 'maximumPositionSize': '0', 'maximumOrderUnits': '100000000', 'marginRate': '0.07', 'guaranteedStopLossOrderMode': 'DISABLED', 'tags': [{'type': 'ASSET_CLASS', 'name': 'CURRENCY'}], 'financing': {'longRate': '0.0268', 'shortRate': '-0.0792', 'financingDaysOfWeek': [{'dayOfWeek': 'MONDAY', 'daysCharged': 1}, {'dayOfWeek': 'TUESDAY', 'daysCharged': 1}, {'dayOfWeek': 'WEDNESDAY', 'daysCharged': 1}, {'dayOfWeek': 'THURSDAY', 'daysCharged': 1}, {'dayOfWeek': 'FRIDAY', 'daysCharged': 1}, {'dayOfWeek': 'SATURDAY', 'daysCharged': 0}, {'dayOfWeek': 'SUNDAY', 'daysCharged': 0}]}}",3254
"{'name': 'AUD_SGD', 'type': 'CURRENCY', 'displayName': 'AUD/SGD', 'pipLocation': -4, 'displayPrecision': 5, 'tradeUnitsPrecision': 0, 'minimumTradeSize': '1', 'maximumTrailingStopDistance': '1.00000', 'minimumTrailingStopDistance': '0.00050', 'maximumPositionSize': '0', 'maximumOrderUnits': '100000000', 'marginRate': '0.05', 'guaranteedStopLossOrderMode': 'DISABLED', 'tags': [{'type': 'ASSET_CLASS', 'name': 'CURRENCY'}], 'financing': {'longRate': '-0.0325', 'shortRate': '-0.0289', 'financingDaysOfWeek': [{'dayOfWeek': 'MONDAY', 'daysCharged': 1}, {'dayOfWeek': 'TUESDAY', 'daysCharged': 1}, {'dayOfWeek': 'WEDNESDAY', 'daysCharged': 1}, {'dayOfWeek': 'THURSDAY', 'daysCharged': 1}, {'dayOfWeek': 'FRIDAY', 'daysCharged': 1}, {'dayOfWeek': 'SATURDAY', 'daysCharged': 0}, {'dayOfWeek': 'SUNDAY', 'daysCharged': 0}]}}",3254
"{'name': 'CAD_HKD', 'type': 'CURRENCY', 'displayName': 'CAD/HKD', 'pipLocation': -4, 'displayPrecision': 5, 'tradeUnitsPrecision': 0, 'minimumTradeSize': '1', 'maximumTrailingStopDistance': '1.00000', 'minimumTrailingStopDistance': '0.00050', 'maximumPositionSize': '0', 'maximumOrderUnits': '100000000', 'marginRate': '0.1', 'guaranteedStopLossOrderMode': 'DISABLED', 'tags': [{'type': 'ASSET_CLASS', 'name': 'CURRENCY'}], 'financing': {'longRate': '-0.0393', 'shortRate': '-0.0055', 'financingDaysOfWeek': [{'dayOfWeek': 'MONDAY', 'daysCharged': 1}, {'dayOfWeek': 'TUESDAY', 'daysCharged': 1}, {'dayOfWeek': 'WEDNESDAY', 'daysCharged': 1}, {'dayOfWeek': 'THURSDAY', 'daysCharged': 1}, {'dayOfWeek': 'FRIDAY', 'daysCharged': 1}, {'dayOfWeek': 'SATURDAY', 'daysCharged': 0}, {'dayOfWeek': 'SUNDAY', 'daysCharged': 0}]}}",3254
"{'name': 'SGD_CHF', 'type': 'CURRENCY', 'displayName': 'SGD/CHF', 'pipLocation': -4, 'displayPrecision': 5, 'tradeUnitsPrecision': 0, 'minimumTradeSize': '1', 'maximumTrailingStopDistance': '1.00000', 'minimumTrailingStopDistance': '0.00050', 'maximumPositionSize': '0', 'maximumOrderUnits': '100000000', 'marginRate': '0.05', 'guaranteedStopLossOrderMode': 'DISABLED', 'tags': [{'type': 'ASSET_CLASS', 'name': 'CURRENCY'}], 'financing': {'longRate': '-0.0135', 'shortRate': '-0.0355', 'financingDaysOfWeek': [{'dayOfWeek': 'MONDAY', 'daysCharged': 1}, {'dayOfWeek': 'TUESDAY', 'daysCharged': 1}, {'dayOfWeek': 'WEDNESDAY', 'daysCharged': 1}, {'dayOfWeek': 'THURSDAY', 'daysCharged': 1}, {'dayOfWeek': 'FRIDAY', 'daysCharged': 1}, {'dayOfWeek': 'SATURDAY', 'daysCharged': 0}, {'dayOfWeek': 'SUNDAY', 'daysCharged': 0}]}}",3254
"{'name': 'EUR_TRY', 'type': 'CURRENCY', 'displayName': 'EUR/TRY', 'pipLocation': -4, 'displayPrecision': 5, 'tradeUnitsPrecision': 0, 'minimumTradeSize': '1', 'maximumTrailingStopDistance': '1.00000', 'minimumTrailingStopDistance': '0.00050', 'maximumPositionSize': '0', 'maximumOrderUnits': '10000000', 'marginRate': '0.12', 'guaranteedStopLossOrderMode': 'DISABLED', 'tags': [{'type': 'ASSET_CLASS', 'name': 'CURRENCY'}], 'financing': {'longRate': '-0.1287', 'shortRate': '-0.064', 'financingDaysOfWeek': [{'dayOfWeek': 'MONDAY', 'daysCharged': 1}, {'dayOfWeek': 'TUESDAY', 'daysCharged': 1}, {'dayOfWeek': 'WEDNESDAY', 'daysCharged': 1}, {'dayOfWeek': 'THURSDAY', 'daysCharged': 1}, {'dayOfWeek': 'FRIDAY', 'daysCharged': 1}, {'dayOfWeek': 'SATURDAY', 'daysCharged': 0}, {'dayOfWeek': 'SUNDAY', 'daysCharged': 0}]}}",3254
"{'name': 'USD_JPY', 'type': 'CURRENCY', 'displayName': 'USD/JPY', 'pipLocation': -2, 'displayPrecision': 3, 'tradeUnitsPrecision': 0, 'minimumTradeSize': '1', 'maximumTrailingStopDistance': '100.000', 'minimumTrailingStopDistance': '0.050', 'maximumPositionSize': '0', 'maximumOrderUnits': '100000000', 'marginRate': '0.04', 'guaranteedStopLossOrderMode': 'DISABLED', 'tags': [{'type': 'ASSET_CLASS', 'name': 'CURRENCY'}], 'financing': {'longRate': '-0.0042', 'shortRate': '-0.0171', 'financingDaysOfWeek': [{'dayOfWeek': 'MONDAY', 'daysCharged': 1}, {'dayOfWeek': 'TUESDAY', 'daysCharged': 1}, {'dayOfWeek': 'WEDNESDAY', 'daysCharged': 1}, {'dayOfWeek': 'THURSDAY', 'daysCharged': 1}, {'dayOfWeek': 'FRIDAY', 'daysCharged': 1}, {'dayOfWeek': 'SATURDAY', 'daysCharged': 0}, {'dayOfWeek': 'SUNDAY', 'daysCharged': 0}]}}",3254
"{'name': 'USD_CAD', 'type': 'CURRENCY', 'displayName': 'USD/CAD', 'pipLocation': -4, 'displayPrecision': 5, 'tradeUnitsPrecision': 0, 'minimumTradeSize': '1', 'maximumTrailingStopDistance': '1.00000', 'minimumTrailingStopDistance': '0.00050', 'maximumPositionSize': '0', 'maximumOrderUnits': '100000000', 'marginRate': '0.02', 'guaranteedStopLossOrderMode': 'DISABLED', 'tags': [{'type': 'ASSET_CLASS', 'name': 'CURRENCY'}], 'financing': {'longRate': '-0.0092', 'shortRate': '-0.0134', 'financingDaysOfWeek': [{'dayOfWeek': 'MONDAY', 'daysCharged': 1}, {'dayOfWeek': 'TUESDAY', 'daysCharged': 1}, {'dayOfWeek': 'WEDNESDAY', 'daysCharged': 1}, {'dayOfWeek': 'THURSDAY', 'daysCharged': 1}, {'dayOfWeek': 'FRIDAY', 'daysCharged': 1}, {'dayOfWeek': 'SATURDAY', 'daysCharged': 0}, {'dayOfWeek': 'SUNDAY', 'daysCharged': 0}]}}",3254
"{'name': 'AUD_JPY', 'type': 'CURRENCY', 'displayName': 'AUD/JPY', 'pipLocation': -2, 'displayPrecision': 3, 'tradeUnitsPrecision': 0, 'minimumTradeSize': '1', 'maximumTrailingStopDistance': '100.000', 'minimumTrailingStopDistance': '0.050', 'maximumPositionSize': '0', 'maximumOrderUnits': '100000000', 'marginRate': '0.04', 'guaranteedStopLossOrderMode': 'DISABLED', 'tags': [{'type': 'ASSET_CLASS', 'name': 'CURRENCY'}], 'financing': {'longRate': '-0.0058', 'shortRate': '-0.0174', 'financingDaysOfWeek': [{'dayOfWeek': 'MONDAY', 'daysCharged': 1}, {'dayOfWeek': 'TUESDAY', 'daysCharged': 1}, {'dayOfWeek': 'WEDNESDAY', 'daysCharged': 1}, {'dayOfWeek': 'THURSDAY', 'daysCharged': 1}, {'dayOfWeek': 'FRIDAY', 'daysCharged': 1}, {'dayOfWeek': 'SATURDAY', 'daysCharged': 0}, {'dayOfWeek': 'SUNDAY', 'daysCharged': 0}]}}",3254
"{'name': 'EUR_DKK', 'type': 'CURRENCY', 'displayName': 'EUR/DKK', 'pipLocation': -4, 'displayPrecision': 5, 'tradeUnitsPrecision': 0, 'minimumTradeSize': '1', 'maximumTrailingStopDistance': '1.00000', 'minimumTrailingStopDistance': '0.00050', 'maximumPositionSize': '0', 'maximumOrderUnits': '100000000', 'marginRate': '0.1', 'guaranteedStopLossOrderMode': 'DISABLED', 'tags': [{'type': 'ASSET_CLASS', 'name': 'CURRENCY'}], 'financing': {'longRate': '-0.0117', 'shortRate': '-0.0131', 'financingDaysOfWeek': [{'dayOfWeek': 'MONDAY', 'daysCharged': 1}, {'dayOfWeek': 'TUESDAY', 'daysCharged': 1}, {'dayOfWeek': 'WEDNESDAY', 'daysCharged': 1}, {'dayOfWeek': 'THURSDAY', 'daysCharged': 1}, {'dayOfWeek': 'FRIDAY', 'daysCharged': 1}, {'dayOfWeek': 'SATURDAY', 'daysCharged': 0}, {'dayOfWeek': 'SUNDAY', 'daysCharged': 0}]}}",3254
"{'name': 'AUD_NZD', 'type': 'CURRENCY', 'displayName': 'AUD/NZD', 'pipLocation': -4, 'displayPrecision': 5, 'tradeUnitsPrecision': 0, 'minimumTradeSize': '1', 'maximumTrailingStopDistance': '1.00000', 'minimumTrailingStopDistance': '0.00050', 'maximumPositionSize': '0', 'maximumOrderUnits': '100000000', 'marginRate': '0.03', 'guaranteedStopLossOrderMode': 'DISABLED', 'tags': [{'type': 'ASSET_CLASS', 'name': 'CURRENCY'}], 'financing': {'longRate': '-0.0159', 'shortRate': '-0.009', 'financingDaysOfWeek': [{'dayOfWeek': 'MONDAY', 'daysCharged': 1}, {'dayOfWeek': 'TUESDAY', 'daysCharged': 1}, {'dayOfWeek': 'WEDNESDAY', 'daysCharged': 1}, {'dayOfWeek': 'THURSDAY', 'daysCharged': 1}, {'dayOfWeek': 'FRIDAY', 'daysCharged': 1}, {'dayOfWeek': 'SATURDAY', 'daysCharged': 0}, {'dayOfWeek': 'SUNDAY', 'daysCharged': 0}]}}",3254
"{'name': 'AUD_CHF', 'type': 'CURRENCY', 'displayName': 'AUD/CHF', 'pipLocation': -4, 'displayPrecision': 5, 'tradeUnitsPrecision': 0, 'minimumTradeSize': '1', 'maximumTrailingStopDistance': '1.00000', 'minimumTrailingStopDistance': '0.00050', 'maximumPositionSize': '0', 'maximumOrderUnits': '100000000', 'marginRate': '0.03', 'guaranteedStopLossOrderMode': 'DISABLED', 'tags': [{'type': 'ASSET_CLASS', 'name': 'CURRENCY'}], 'financing': {'longRate': '-0.0029', 'shortRate': '-0.0212', 'financingDaysOfWeek': [{'dayOfWeek': 'MONDAY', 'daysCharged': 1}, {'dayOfWeek': 'TUESDAY', 'daysCharged': 1}, {'dayOfWeek': 'WEDNESDAY', 'daysCharged': 1}, {'dayOfWeek': 'THURSDAY', 'daysCharged': 1}, {'dayOfWeek': 'FRIDAY', 'daysCharged': 1}, {'dayOfWeek': 'SATURDAY', 'daysCharged': 0}, {'dayOfWeek': 'SUNDAY', 'daysCharged': 0}]}}",3254
"{'name': 'SGD_HKD', 'type': 'CURRENCY', 'displayName': 'SGD/HKD', 'pipLocation': -4, 'displayPrecision': 5, 'tradeUnitsPrecision': 0, 'minimumTradeSize': '1', 'maximumTrailingStopDistance': '1.00000', 'minimumTrailingStopDistance': '0.00050', 'maximumPositionSize': '0', 'maximumOrderUnits': '100000000', 'marginRate': '0.1', 'guaranteedStopLossOrderMode': 'DISABLED', 'tags': [{'type': 'ASSET_CLASS', 'name': 'CURRENCY'}], 'financing': {'longRate': '-0.0438', 'shortRate': '-0.0164', 'financingDaysOfWeek': [{'dayOfWeek': 'MONDAY', 'daysCharged': 1}, {'dayOfWeek': 'TUESDAY', 'daysCharged': 1}, {'dayOfWeek': 'WEDNESDAY', 'daysCharged': 1}, {'dayOfWeek': 'THURSDAY', 'daysCharged': 1}, {'dayOfWeek': 'FRIDAY', 'daysCharged': 1}, {'dayOfWeek': 'SATURDAY', 'daysCharged': 0}, {'dayOfWeek': 'SUNDAY', 'daysCharged': 0}]}}",3254
"{'name': 'USD_ZAR', 'type': 'CURRENCY', 'displayName': 'USD/ZAR', 'pipLocation': -4, 'displayPrecision': 5, 'tradeUnitsPrecision': 0, 'minimumTradeSize': '1', 'maximumTrailingStopDistance': '1.00000', 'minimumTrailingStopDistance': '0.00050', 'maximumPositionSize': '0', 'maximumOrderUnits': '100000000', 'marginRate': '0.07', 'guaranteedStopLossOrderMode': 'DISABLED', 'tags': [{'type': 'ASSET_CLASS', 'name': 'CURRENCY'}], 'financing': {'longRate': '-0.0722', 'shortRate': '0.0211', 'financingDaysOfWeek': [{'dayOfWeek': 'MONDAY', 'daysCharged': 1}, {'dayOfWeek': 'TUESDAY', 'daysCharged': 1}, {'dayOfWeek': 'WEDNESDAY', 'daysCharged': 1}, {'dayOfWeek': 'THURSDAY', 'daysCharged': 1}, {'dayOfWeek': 'FRIDAY', 'daysCharged': 1}, {'dayOfWeek': 'SATURDAY', 'daysCharged': 0}, {'dayOfWeek': 'SUNDAY', 'daysCharged': 0}]}}",3254
"{'name': 'EUR_SEK', 'type': 'CURRENCY', 'displayName': 'EUR/SEK', 'pipLocation': -4, 'displayPrecision': 5, 'tradeUnitsPrecision': 0, 'minimumTradeSize': '1', 'maximumTrailingStopDistance': '1.00000', 'minimumTrailingStopDistance': '0.00050', 'maximumPositionSize': '0', 'maximumOrderUnits': '100000000', 'marginRate': '0.03', 'guaranteedStopLossOrderMode': 'DISABLED', 'tags': [{'type': 'ASSET_CLASS', 'name': 'CURRENCY'}], 'financing': {'longRate': '-0.016', 'shortRate': '-0.0081', 'financingDaysOfWeek': [{'dayOfWeek': 'MONDAY', 'daysCharged': 1}, {'dayOfWeek': 'TUESDAY', 'daysCharged': 1}, {'dayOfWeek': 'WEDNESDAY', 'daysCharged': 1}, {'dayOfWeek': 'THURSDAY', 'daysCharged': 1}, {'dayOfWeek': 'FRIDAY', 'daysCharged': 1}, {'dayOfWeek': 'SATURDAY', 'daysCharged': 0}, {'dayOfWeek': 'SUNDAY', 'daysCharged': 0}]}}",3254
"{'name': 'USD_SGD', 'type': 'CURRENCY', 'displayName': 'USD/SGD', 'pipLocation': -4, 'displayPrecision': 5, 'tradeUnitsPrecision': 0, 'minimumTradeSize': '1', 'maximumTrailingStopDistance': '1.00000', 'minimumTrailingStopDistance': '0.00050', 'maximumPositionSize': '0', 'maximumOrderUnits': '100000000', 'marginRate': '0.05', 'guaranteedStopLossOrderMode': 'DISABLED', 'tags': [{'type': 'ASSET_CLASS', 'name': 'CURRENCY'}], 'financing': {'longRate': '-0.0242', 'shortRate': '-0.0219', 'financingDaysOfWeek': [{'dayOfWeek': 'MONDAY', 'daysCharged': 1}, {'dayOfWeek': 'TUESDAY', 'daysCharged': 1}, {'dayOfWeek': 'WEDNESDAY', 'daysCharged': 1}, {'dayOfWeek': 'THURSDAY', 'daysCharged': 1}, {'dayOfWeek': 'FRIDAY', 'daysCharged': 1}, {'dayOfWeek': 'SATURDAY', 'daysCharged': 0}, {'dayOfWeek': 'SUNDAY', 'daysCharged': 0}]}}",3254
"{'name': 'EUR_CHF', 'type': 'CURRENCY', 'displayName': 'EUR/CHF', 'pipLocation': -4, 'displayPrecision': 5, 'tradeUnitsPrecision': 0, 'minimumTradeSize': '1', 'maximumTrailingStopDistance': '1.00000', 'minimumTrailingStopDistance': '0.00050', 'maximumPositionSize': '0', 'maximumOrderUnits': '100000000', 'marginRate': '0.03', 'guaranteedStopLossOrderMode': 'DISABLED', 'tags': [{'type': 'ASSET_CLASS', 'name': 'CURRENCY'}], 'financing': {'longRate': '-0.0097', 'shortRate': '-0.0142', 'financingDaysOfWeek': [{'dayOfWeek': 'MONDAY', 'daysCharged': 1}, {'dayOfWeek': 'TUESDAY', 'daysCharged': 1}, {'dayOfWeek': 'WEDNESDAY', 'daysCharged': 1}, {'dayOfWeek': 'THURSDAY', 'daysCharged': 1}, {'dayOfWeek': 'FRIDAY', 'daysCharged': 1}, {'dayOfWeek': 'SATURDAY', 'daysCharged': 0}, {'dayOfWeek': 'SUNDAY', 'daysCharged': 0}]}}",3254
"{'name': 'CAD_SGD', 'type': 'CURRENCY', 'displayName': 'CAD/SGD', 'pipLocation': -4, 'displayPrecision': 5, 'tradeUnitsPrecision': 0, 'minimumTradeSize': '1', 'maximumTrailingStopDistance': '1.00000', 'minimumTrailingStopDistance': '0.00050', 'maximumPositionSize': '0', 'maximumOrderUnits': '100000000', 'marginRate': '0.05', 'guaranteedStopLossOrderMode': 'DISABLED', 'tags': [{'type': 'ASSET_CLASS', 'name': 'CURRENCY'}], 'financing': {'longRate': '-0.0343', 'shortRate': '-0.0279', 'financingDaysOfWeek': [{'dayOfWeek': 'MONDAY', 'daysCharged': 1}, {'dayOfWeek': 'TUESDAY', 'daysCharged': 1}, {'dayOfWeek': 'WEDNESDAY', 'daysCharged': 1}, {'dayOfWeek': 'THURSDAY', 'daysCharged': 1}, {'dayOfWeek': 'FRIDAY', 'daysCharged': 1}, {'dayOfWeek': 'SATURDAY', 'daysCharged': 0}, {'dayOfWeek': 'SUNDAY', 'daysCharged': 0}]}}",3254
"{'name': 'USD_NOK', 'type': 'CURRENCY', 'displayName': 'USD/NOK', 'pipLocation': -4, 'displayPrecision': 5, 'tradeUnitsPrecision': 0, 'minimumTradeSize': '1', 'maximumTrailingStopDistance': '1.00000', 'minimumTrailingStopDistance': '0.00050', 'maximumPositionSize': '0', 'maximumOrderUnits': '100000000', 'marginRate': '0.07', 'guaranteedStopLossOrderMode': 'DISABLED', 'tags': [{'type': 'ASSET_CLASS', 'name': 'CURRENCY'}], 'financing': {'longRate': '-0.0079', 'shortRate': '-0.0173', 'financingDaysOfWeek': [{'dayOfWeek': 'MONDAY', 'daysCharged': 1}, {'dayOfWeek': 'TUESDAY', 'daysCharged': 1}, {'dayOfWeek': 'WEDNESDAY', 'daysCharged': 1}, {'dayOfWeek': 'THURSDAY', 'daysCharged': 1}, {'dayOfWeek': 'FRIDAY', 'daysCharged': 1}, {'dayOfWeek': 'SATURDAY', 'daysCharged': 0}, {'dayOfWeek': 'SUNDAY', 'daysCharged': 0}]}}",3254
"{'name': 'EUR_ZAR', 'type': 'CURRENCY', 'displayName': 'EUR/ZAR', 'pipLocation': -4, 'displayPrecision': 5, 'tradeUnitsPrecision': 0, 'minimumTradeSize': '1', 'maximumTrailingStopDistance': '1.00000', 'minimumTrailingStopDistance': '0.00050', 'maximumPositionSize': '0', 'maximumOrderUnits': '100000000', 'marginRate': '0.07', 'guaranteedStopLossOrderMode': 'DISABLED', 'tags': [{'type': 'ASSET_CLASS', 'name': 'CURRENCY'}], 'financing': {'longRate': '-0.0803', 'shortRate': '0.028', 'financingDaysOfWeek': [{'dayOfWeek': 'MONDAY', 'daysCharged': 1}, {'dayOfWeek': 'TUESDAY', 'daysCharged': 1}, {'dayOfWeek': 'WEDNESDAY', 'daysCharged': 1}, {'dayOfWeek': 'THURSDAY', 'daysCharged': 1}, {'dayOfWeek': 'FRIDAY', 'daysCharged': 1}, {'dayOfWeek': 'SATURDAY', 'daysCharged': 0}, {'dayOfWeek': 'SUNDAY', 'daysCharged': 0}]}}",3254
"{'name': 'EUR_NOK', 'type': 'CURRENCY', 'displayName': 'EUR/NOK', 'pipLocation': -4, 'displayPrecision': 5, 'tradeUnitsPrecision': 0, 'minimumTradeSize': '1', 'maximumTrailingStopDistance': '1.00000', 'minimumTrailingStopDistance': '0.00050', 'maximumPositionSize': '0', 'maximumOrderUnits': '100000000', 'marginRate': '0.07', 'guaranteedStopLossOrderMode': 'DISABLED', 'tags': [{'type': 'ASSET_CLASS', 'name': 'CURRENCY'}], 'financing': {'longRate': '-0.0156', 'shortRate': '-0.0099', 'financingDaysOfWeek': [{'dayOfWeek': 'MONDAY', 'daysCharged': 1}, {'dayOfWeek': 'TUESDAY', 'daysCharged': 1}, {'dayOfWeek': 'WEDNESDAY', 'daysCharged': 1}, {'dayOfWeek': 'THURSDAY', 'daysCharged': 1}, {'dayOfWeek': 'FRIDAY', 'daysCharged': 1}, {'dayOfWeek': 'SATURDAY', 'daysCharged': 0}, {'dayOfWeek': 'SUNDAY', 'daysCharged': 0}]}}",3254
"{'name': 'USD_HUF', 'type': 'CURRENCY', 'displayName': 'USD/HUF', 'pipLocation': -2, 'displayPrecision': 3, 'tradeUnitsPrecision': 0, 'minimumTradeSize': '1', 'maximumTrailingStopDistance': '100.000', 'minimumTrailingStopDistance': '0.050', 'maximumPositionSize': '0', 'maximumOrderUnits': '100000000', 'marginRate': '0.05', 'guaranteedStopLossOrderMode': 'DISABLED', 'tags': [{'type': 'ASSET_CLASS', 'name': 'CURRENCY'}], 'financing': {'longRate': '-0.0344', 'shortRate': '-0.0309', 'financingDaysOfWeek': [{'dayOfWeek': 'MONDAY', 'daysCharged': 1}, {'dayOfWeek': 'TUESDAY', 'daysCharged': 1}, {'dayOfWeek': 'WEDNESDAY', 'daysCharged': 1}, {'dayOfWeek': 'THURSDAY', 'daysCharged': 1}, {'dayOfWeek': 'FRIDAY', 'daysCharged': 1}, {'dayOfWeek': 'SATURDAY', 'daysCharged': 0}, {'dayOfWeek': 'SUNDAY', 'daysCharged': 0}]}}",3254
"{'name': 'CHF_ZAR', 'type': 'CURRENCY', 'displayName': 'CHF/ZAR', 'pipLocation': -4, 'displayPrecision': 5, 'tradeUnitsPrecision': 0, 'minimumTradeSize': '1', 'maximumTrailingStopDistance': '1.00000', 'minimumTrailingStopDistance': '0.00050', 'maximumPositionSize': '0', 'maximumOrderUnits': '100000000', 'marginRate': '0.07', 'guaranteedStopLossOrderMode': 'DISABLED', 'tags': [{'type': 'ASSET_CLASS', 'name': 'CURRENCY'}], 'financing': {'longRate': '-0.0836', 'shortRate': '0.0297', 'financingDaysOfWeek': [{'dayOfWeek': 'MONDAY', 'daysCharged': 1}, {'dayOfWeek': 'TUESDAY', 'daysCharged': 1}, {'dayOfWeek': 'WEDNESDAY', 'daysCharged': 1}, {'dayOfWeek': 'THURSDAY', 'daysCharged': 1}, {'dayOfWeek': 'FRIDAY', 'daysCharged': 1}, {'dayOfWeek': 'SATURDAY', 'daysCharged': 0}, {'dayOfWeek': 'SUNDAY', 'daysCharged': 0}]}}",3254
"{'name': 'EUR_HKD', 'type': 'CURRENCY', 'displayName': 'EUR/HKD', 'pipLocation': -4, 'displayPrecision': 5, 'tradeUnitsPrecision': 0, 'minimumTradeSize': '1', 'maximumTrailingStopDistance': '1.00000', 'minimumTrailingStopDistance': '0.00050', 'maximumPositionSize': '0', 'maximumOrderUnits': '100000000', 'marginRate': '0.1', 'guaranteedStopLossOrderMode': 'DISABLED', 'tags': [{'type': 'ASSET_CLASS', 'name': 'CURRENCY'}], 'financing': {'longRate': '-0.0706', 'shortRate': '-0.0259', 'financingDaysOfWeek': [{'dayOfWeek': 'MONDAY', 'daysCharged': 1}, {'dayOfWeek': 'TUESDAY', 'daysCharged': 1}, {'dayOfWeek': 'WEDNESDAY', 'daysCharged': 1}, {'dayOfWeek': 'THURSDAY', 'daysCharged': 1}, {'dayOfWeek': 'FRIDAY', 'daysCharged': 1}, {'dayOfWeek': 'SATURDAY', 'daysCharged': 0}, {'dayOfWeek': 'SUNDAY', 'daysCharged': 0}]}}",3254
"{'name': 'USD_CZK', 'type': 'CURRENCY', 'displayName': 'USD/CZK', 'pipLocation': -4, 'displayPrecision': 5, 'tradeUnitsPrecision': 0, 'minimumTradeSize': '1', 'maximumTrailingStopDistance': '1.00000', 'minimumTrailingStopDistance': '0.00050', 'maximumPositionSize': '0', 'maximumOrderUnits': '100000000', 'marginRate': '0.05', 'guaranteedStopLossOrderMode': 'DISABLED', 'tags': [{'type': 'ASSET_CLASS', 'name': 'CURRENCY'}], 'financing': {'longRate': '-0.0313', 'shortRate': '-0.0257', 'financingDaysOfWeek': [{'dayOfWeek': 'MONDAY', 'daysCharged': 1}, {'dayOfWeek': 'TUESDAY', 'daysCharged': 1}, {'dayOfWeek': 'WEDNESDAY', 'daysCharged': 1}, {'dayOfWeek': 'THURSDAY', 'daysCharged': 1}, {'dayOfWeek': 'FRIDAY', 'daysCharged': 1}, {'dayOfWeek': 'SATURDAY', 'daysCharged': 0}, {'dayOfWeek': 'SUNDAY', 'daysCharged': 0}]}}",3254
"{'name': 'GBP_HKD', 'type': 'CURRENCY', 'displayName': 'GBP/HKD', 'pipLocation': -4, 'displayPrecision': 5, 'tradeUnitsPrecision': 0, 'minimumTradeSize': '1', 'maximumTrailingStopDistance': '1.00000', 'minimumTrailingStopDistance': '0.00050', 'maximumPositionSize': '0', 'maximumOrderUnits': '100000000', 'marginRate': '0.1', 'guaranteedStopLossOrderMode': 'DISABLED', 'tags': [{'type': 'ASSET_CLASS', 'name': 'CURRENCY'}], 'financing': {'longRate': '-0.037', 'shortRate': '-0.0051', 'financingDaysOfWeek': [{'dayOfWeek': 'MONDAY', 'daysCharged': 1}, {'dayOfWeek': 'TUESDAY', 'daysCharged': 1}, {'dayOfWeek': 'WEDNESDAY', 'daysCharged': 1}, {'dayOfWeek': 'THURSDAY', 'daysCharged': 1}, {'dayOfWeek': 'FRIDAY', 'daysCharged': 1}, {'dayOfWeek': 'SATURDAY', 'daysCharged': 0}, {'dayOfWeek': 'SUNDAY', 'daysCharged': 0}]}}",3254
"{'name': 'GBP_AUD', 'type': 'CURRENCY', 'displayName': 'GBP/AUD', 'pipLocation': -4, 'displayPrecision': 5, 'tradeUnitsPrecision': 0, 'minimumTradeSize': '1', 'maximumTrailingStopDistance': '1.00000', 'minimumTrailingStopDistance': '0.00050', 'maximumPositionSize': '0', 'maximumOrderUnits': '100000000', 'marginRate': '0.05', 'guaranteedStopLossOrderMode': 'DISABLED', 'tags': [{'type': 'ASSET_CLASS', 'name': 'CURRENCY'}], 'financing': {'longRate': '-0.0115', 'shortRate': '-0.0106', 'financingDaysOfWeek': [{'dayOfWeek': 'MONDAY', 'daysCharged': 1}, {'dayOfWeek': 'TUESDAY', 'daysCharged': 1}, {'dayOfWeek': 'WEDNESDAY', 'daysCharged': 1}, {'dayOfWeek': 'THURSDAY', 'daysCharged': 1}, {'dayOfWeek': 'FRIDAY', 'daysCharged': 1}, {'dayOfWeek': 'SATURDAY', 'daysCharged': 0}, {'dayOfWeek': 'SUNDAY', 'daysCharged': 0}]}}",3254
"{'name': 'USD_PLN', 'type': 'CURRENCY', 'displayName': 'USD/PLN', 'pipLocation': -4, 'displayPrecision': 5, 'tradeUnitsPrecision': 0, 'minimumTradeSize': '1', 'maximumTrailingStopDistance': '1.00000', 'minimumTrailingStopDistance': '0.00050', 'maximumPositionSize': '0', 'maximumOrderUnits': '100000000', 'marginRate': '0.05', 'guaranteedStopLossOrderMode': 'DISABLED', 'tags': [{'type': 'ASSET_CLASS', 'name': 'CURRENCY'}], 'financing': {'longRate': '-0.0196', 'shortRate': '-0.0055', 'financingDaysOfWeek': [{'dayOfWeek': 'MONDAY', 'daysCharged': 1}, {'dayOfWeek': 'TUESDAY', 'daysCharged': 1}, {'dayOfWeek': 'WEDNESDAY', 'daysCharged': 1}, {'dayOfWeek': 'THURSDAY', 'daysCharged': 1}, {'dayOfWeek': 'FRIDAY', 'daysCharged': 1}, {'dayOfWeek': 'SATURDAY', 'daysCharged': 0}, {'dayOfWeek': 'SUNDAY', 'daysCharged': 0}]}}",3254
"{'name': 'EUR_AUD', 'type': 'CURRENCY', 'displayName': 'EUR/AUD', 'pipLocation': -4, 'displayPrecision': 5, 'tradeUnitsPrecision': 0, 'minimumTradeSize': '1', 'maximumTrailingStopDistance': '1.00000', 'minimumTrailingStopDistance': '0.00050', 'maximumPositionSize': '0', 'maximumOrderUnits': '100000000', 'marginRate': '0.03', 'guaranteedStopLossOrderMode': 'DISABLED', 'tags': [{'type': 'ASSET_CLASS', 'name': 'CURRENCY'}], 'financing': {'longRate': '-0.0179', 'shortRate': '-0.0044', 'financingDaysOfWeek': [{'dayOfWeek': 'MONDAY', 'daysCharged': 1}, {'dayOfWeek': 'TUESDAY', 'daysCharged': 1}, {'dayOfWeek': 'WEDNESDAY', 'daysCharged': 1}, {'dayOfWeek': 'THURSDAY', 'daysCharged': 1}, {'dayOfWeek': 'FRIDAY', 'daysCharged': 1}, {'dayOfWeek': 'SATURDAY', 'daysCharged': 0}, {'dayOfWeek': 'SUNDAY', 'daysCharged': 0}]}}",3254
"{'name': 'GBP_PLN', 'type': 'CURRENCY', 'displayName': 'GBP/PLN', 'pipLocation': -4, 'displayPrecision': 5, 'tradeUnitsPrecision': 0, 'minimumTradeSize': '1', 'maximumTrailingStopDistance': '1.00000', 'minimumTrailingStopDistance': '0.00050', 'maximumPositionSize': '0', 'maximumOrderUnits': '100000000', 'marginRate': '0.05', 'guaranteedStopLossOrderMode': 'DISABLED', 'tags': [{'type': 'ASSET_CLASS', 'name': 'CURRENCY'}], 'financing': {'longRate': '-0.0203', 'shortRate': '-0.0039', 'financingDaysOfWeek': [{'dayOfWeek': 'MONDAY', 'daysCharged': 1}, {'dayOfWeek': 'TUESDAY', 'daysCharged': 1}, {'dayOfWeek': 'WEDNESDAY', 'daysCharged': 1}, {'dayOfWeek': 'THURSDAY', 'daysCharged': 1}, {'dayOfWeek': 'FRIDAY', 'daysCharged': 1}, {'dayOfWeek': 'SATURDAY', 'daysCharged': 0}, {'dayOfWeek': 'SUNDAY', 'daysCharged': 0}]}}",3254
"{'name': 'AUD_HKD', 'type': 'CURRENCY', 'displayName': 'AUD/HKD', 'pipLocation': -4, 'displayPrecision': 5, 'tradeUnitsPrecision': 0, 'minimumTradeSize': '1', 'maximumTrailingStopDistance': '1.00000', 'minimumTrailingStopDistance': '0.00050', 'maximumPositionSize': '0', 'maximumOrderUnits': '100000000', 'marginRate': '0.1', 'guaranteedStopLossOrderMode': 'DISABLED', 'tags': [{'type': 'ASSET_CLASS', 'name': 'CURRENCY'}], 'financing': {'longRate': '-0.0375', 'shortRate': '-0.0067', 'financingDaysOfWeek': [{'dayOfWeek': 'MONDAY', 'daysCharged': 1}, {'dayOfWeek': 'TUESDAY', 'daysCharged': 1}, {'dayOfWeek': 'WEDNESDAY', 'daysCharged': 1}, {'dayOfWeek': 'THURSDAY', 'daysCharged': 1}, {'dayOfWeek': 'FRIDAY', 'daysCharged': 1}, {'dayOfWeek': 'SATURDAY', 'daysCharged': 0}, {'dayOfWeek': 'SUNDAY', 'daysCharged': 0}]}}",3254
"{'name': 'EUR_HUF', 'type': 'CURRENCY', 'displayName': 'EUR/HUF', 'pipLocation': -2, 'displayPrecision': 3, 'tradeUnitsPrecision': 0, 'minimumTradeSize': '1', 'maximumTrailingStopDistance': '100.000', 'minimumTrailingStopDistance': '0.050', 'maximumPositionSize': '0', 'maximumOrderUnits': '100000000', 'marginRate': '0.05', 'guaranteedStopLossOrderMode': 'DISABLED', 'tags': [{'type': 'ASSET_CLASS', 'name': 'CURRENCY'}], 'financing': {'longRate': '-0.0391', 'shortRate': '-0.0207', 'financingDaysOfWeek': [{'dayOfWeek': 'MONDAY', 'daysCharged': 1}, {'dayOfWeek': 'TUESDAY', 'daysCharged': 1}, {'dayOfWeek': 'WEDNESDAY', 'daysCharged': 1}, {'dayOfWeek': 'THURSDAY', 'daysCharged': 1}, {'dayOfWeek': 'FRIDAY', 'daysCharged': 1}, {'dayOfWeek': 'SATURDAY', 'daysCharged': 0}, {'dayOfWeek': 'SUNDAY', 'daysCharged': 0}]}}",3254
"{'name': 'NZD_SGD', 'type': 'CURRENCY', 'displayName': 'NZD/SGD', 'pipLocation': -4, 'displayPrecision': 5, 'tradeUnitsPrecision': 0, 'minimumTradeSize': '1', 'maximumTrailingStopDistance': '1.00000', 'minimumTrailingStopDistance': '0.00050', 'maximumPositionSize': '0', 'maximumOrderUnits': '100000000', 'marginRate': '0.05', 'guaranteedStopLossOrderMode': 'DISABLED', 'tags': [{'type': 'ASSET_CLASS', 'name': 'CURRENCY'}], 'financing': {'longRate': '-0.0307', 'shortRate': '-0.0336', 'financingDaysOfWeek': [{'dayOfWeek': 'MONDAY', 'daysCharged': 1}, {'dayOfWeek': 'TUESDAY', 'daysCharged': 1}, {'dayOfWeek': 'WEDNESDAY', 'daysCharged': 1}, {'dayOfWeek': 'THURSDAY', 'daysCharged': 1}, {'dayOfWeek': 'FRIDAY', 'daysCharged': 1}, {'dayOfWeek': 'SATURDAY', 'daysCharged': 0}, {'dayOfWeek': 'SUNDAY', 'daysCharged': 0}]}}",3254
"{'name': 'SGD_JPY', 'type': 'CURRENCY', 'displayName': 'SGD/JPY', 'pipLocation': -2, 'displayPrecision': 3, 'tradeUnitsPrecision': 0, 'minimumTradeSize': '1', 'maximumTrailingStopDistance': '100.000', 'minimumTrailingStopDistance': '0.050', 'maximumPositionSize': '0', 'maximumOrderUnits': '100000000', 'marginRate': '0.05', 'guaranteedStopLossOrderMode': 'DISABLED', 'tags': [{'type': 'ASSET_CLASS', 'name': 'CURRENCY'}], 'financing': {'longRate': '-0.0161', 'shortRate': '-0.0313', 'financingDaysOfWeek': [{'dayOfWeek': 'MONDAY', 'daysCharged': 1}, {'dayOfWeek': 'TUESDAY', 'daysCharged': 1}, {'dayOfWeek': 'WEDNESDAY', 'daysCharged': 1}, {'dayOfWeek': 'THURSDAY', 'daysCharged': 1}, {'dayOfWeek': 'FRIDAY', 'daysCharged': 1}, {'dayOfWeek': 'SATURDAY', 'daysCharged': 0}, {'dayOfWeek': 'SUNDAY', 'daysCharged': 0}]}}",3254
"{'name': 'AUD_CAD', 'type': 'CURRENCY', 'displayName': 'AUD/CAD', 'pipLocation': -4, 'displayPrecision': 5, 'tradeUnitsPrecision': 0, 'minimumTradeSize': '1', 'maximumTrailingStopDistance': '1.00000', 'minimumTrailingStopDistance': '0.00050', 'maximumPositionSize': '0', 'maximumOrderUnits': '100000000', 'marginRate': '0.03', 'guaranteedStopLossOrderMode': 'DISABLED', 'tags': [{'type': 'ASSET_CLASS', 'name': 'CURRENCY'}], 'financing': {'longRate': '-0.0104', 'shortRate': '-0.0133', 'financingDaysOfWeek': [{'dayOfWeek': 'MONDAY', 'daysCharged': 1}, {'dayOfWeek': 'TUESDAY', 'daysCharged': 1}, {'dayOfWeek': 'WEDNESDAY', 'daysCharged': 1}, {'dayOfWeek': 'THURSDAY', 'daysCharged': 1}, {'dayOfWeek': 'FRIDAY', 'daysCharged': 1}, {'dayOfWeek': 'SATURDAY', 'daysCharged': 0}, {'dayOfWeek': 'SUNDAY', 'daysCharged': 0}]}}",3254
